NumOfGroups,NumInfected,MaxGroupSize,numOfPeople,numSusceptiblePeople,numExposedPeople_Sitting,numExposedPeople_Walking,numPeopleExposedByOthers_Sitting,numPeopleExposedByOthers_Walking,numPeopleContactedByOthers_Sitting,numPeopleContactedByOthers_Walking,mean_inf_contacts_sitting,mean_inf_contacts_walking,mean_all_contacts_sitting,mean_all_contacts_walking,mean_other_inf_contacts_sitting,mean_other_inf_contacts_walking,mean_other_contacts_sitting,mean_other_contacts_walking,ArrivalTimeEnd
270,10,4,817,626,27,94,15,79,651,803,0.6291309669522643,1.1199510403916768,58.30599755201958,60.86903304773562,0.18849449204406366,0.36964504283965727,21.94859241126071,23.441860465116278,34.709999999996704,
270,10,5,938,741,26,95,14,86,755,929,0.582089552238806,0.5287846481876333,63.79957356076759,53.02985074626866,0.19829424307036247,0.35714285714285715,22.347547974413647,23.28358208955224,36.5149999999978,
270,10,6,1085,860,30,97,16,87,854,1081,0.6009216589861751,0.4359447004608295,62.40552995391705,64.75760368663595,0.21382488479262673,0.27373271889400924,19.05253456221198,28.95852534562212,35.489999999997174,
270,10,7,1194,951,32,101,21,90,1011,1187,0.61892797319933,0.46063651591289784,74.90619765494138,70.4606365159129,0.3425460636515913,0.22948073701842547,37.311557788944725,33.482412060301506,37.75999999999855,
270,10,8,1315,1060,32,153,23,133,1134,1314,0.5642585551330799,1.4403041825095058,80.71026615969582,168.76349809885932,0.3338403041825095,0.7711026615969582,39.15893536121673,100.6296577946768,38.75999999999916,
